{
  "optimal_stations": [
    "2953399200",
    "10944293041",
    "632556598",
    "7148716169",
    "3677356986"
  ],
  "best_fitness": 552956.0767061382,
  "generations": 100,
  "execution_time_seconds": 0.8289308547973633
}