{
  "optimal_stations": [
    "632556606",
    "2422417593",
    "11233742932",
    "1882736853",
    "6338234703"
  ],
  "best_fitness": 539321.1421839979,
  "generations": 100,
  "execution_time_seconds": 15.716498851776123
}